{"city":"\"São Paulo\"","cod":1,"country":"\"Brazil\"","neighBorhood":"\"neigh 1\"","state":"\"São Paulo\"","street":"\"false st\"","streetNum":3134}
{"city":"\"São Paulo\"","cod":1,"country":"\"Brazil\"","neighBorhood":"\"neigh 1\"","state":"\"São Paulo\"","street":"\"false st\"","streetNum":3134}
{"city":"\"São Paulo\"","cod":1,"country":"\"Brazil\"","neighBorhood":"\"neigh 1\"","state":"\"São Paulo\"","street":"\"false st\"","streetNum":3134}
{"city":"\"São Paulo\"","cod":1,"country":"\"Brazil\"","neighBorhood":"\"neigh 1\"","state":"\"São Paulo\"","street":"\"false st\"","streetNum":3134}
{"city":"\"São Paulo\"","cod":1,"country":"\"Brazil\"","neighBorhood":"\"neigh 1\"","state":"\"São Paulo\"","street":"\"false st\"","streetNum":3134}
{"city":"\"São Paulo\"","cod":1,"country":"\"Brazil\"","neighBorhood":"\"neigh 1\"","state":"\"São Paulo\"","street":"\"false st\"","streetNum":3134}
{"city":"\"São Paulo\"","cod":1,"country":"\"Brazil\"","neighBorhood":"\"neigh 1\"","state":"\"São Paulo\"","street":"\"false st\"","streetNum":3134}
{"city":"\"São Paulo\"","cod":1,"country":"\"Brazil\"","neighBorhood":"\"neigh 1\"","state":"\"São Paulo\"","street":"\"false st\"","streetNum":3134}
{"city":"\"São Paulo\"","cod":1,"country":"\"Brazil\"","neighBorhood":"\"neigh 1\"","state":"\"São Paulo\"","street":"\"false st\"","streetNum":3134}
{"city":"\"São Paulo\"","cod":1,"country":"\"Brazil\"","neighBorhood":"\"neigh 1\"","state":"\"São Paulo\"","street":"\"false st\"","streetNum":3134}
{"city":"\"São Paulo\"","cod":1,"country":"\"Brazil\"","neighBorhood":"\"neigh 1\"","state":"\"São Paulo\"","street":"\"false st\"","streetNum":3134}
{"city":"\"São Paulo\"","cod":1,"country":"\"Brazil\"","neighBorhood":"\"neigh 1\"","state":"\"São Paulo\"","street":"\"false st\"","streetNum":3134}
{"city":"\"São Paulo\"","cod":1,"country":"\"Brazil\"","neighBorhood":"\"neigh 1\"","state":"\"São Paulo\"","street":"\"false st\"","streetNum":3134}
{"city":"\"São Paulo\"","cod":1,"country":"\"Brazil\"","neighBorhood":"\"neigh 1\"","state":"\"São Paulo\"","street":"\"false st\"","streetNum":3134}
{"city":"\"São Paulo\"","cod":1,"country":"\"Brazil\"","neighBorhood":"\"neigh 1\"","state":"\"São Paulo\"","street":"\"false st\"","streetNum":3134}
{"city":"\"São Paulo\"","cod":1,"country":"\"Brazil\"","neighBorhood":"\"neigh 1\"","state":"\"São Paulo\"","street":"\"false st\"","streetNum":3134}
{"city":"\"São Paulo\"","cod":1,"country":"\"Brazil\"","neighBorhood":"\"neigh 1\"","state":"\"São Paulo\"","street":"\"false st\"","streetNum":3134}
{"city":"\"São Paulo\"","cod":1,"country":"\"Brazil\"","neighBorhood":"\"neigh 1\"","state":"\"São Paulo\"","street":"\"false st\"","streetNum":3134}
{"city":"\"São Paulo\"","cod":1,"country":"\"Brazil\"","neighBorhood":"\"neigh 1\"","state":"\"São Paulo\"","street":"\"false st\"","streetNum":3134}
{"city":"\"São Paulo\"","cod":1,"country":"\"Brazil\"","neighBorhood":"\"neigh 1\"","state":"\"São Paulo\"","street":"\"false st\"","streetNum":3134}
{"city":"\"São Paulo\"","cod":1,"country":"\"Brazil\"","neighBorhood":"\"neigh 1\"","state":"\"São Paulo\"","street":"\"false st\"","streetNum":3134}
{"city":"\"São Paulo\"","cod":1,"country":"\"Brazil\"","neighBorhood":"\"neigh 1\"","state":"\"São Paulo\"","street":"\"false st\"","streetNum":3134}
{"city":"\"São Paulo\"","cod":1,"country":"\"Brazil\"","neighBorhood":"\"neigh 1\"","state":"\"São Paulo\"","street":"\"false st\"","streetNum":3134}
{"city":"\"São Paulo\"","cod":1,"country":"\"Brazil\"","neighBorhood":"\"neigh 1\"","state":"\"São Paulo\"","street":"\"false st\"","streetNum":3134}
{"city":"\"São Paulo\"","cod":1,"country":"\"Brazil\"","neighBorhood":"\"neigh 1\"","state":"\"São Paulo\"","street":"\"false st\"","streetNum":3134}
{"city":"\"São Paulo\"","cod":1,"country":"\"Brazil\"","neighBorhood":"\"neigh 1\"","state":"\"São Paulo\"","street":"\"false st\"","streetNum":3134}
{"city":"\"São Paulo\"","cod":1,"country":"\"Brazil\"","neighBorhood":"\"neigh 1\"","state":"\"São Paulo\"","street":"\"false st\"","streetNum":3134}
{"city":"\"São Paulo\"","cod":1,"country":"\"Brazil\"","neighBorhood":"\"neigh 1\"","state":"\"São Paulo\"","street":"\"false st\"","streetNum":3134}
{"city":"\"São Paulo\"","cod":1,"country":"\"Brazil\"","neighBorhood":"\"neigh 1\"","state":"\"São Paulo\"","street":"\"false st\"","streetNum":3134}
{"city":"\"São Paulo\"","cod":1,"country":"\"Brazil\"","neighBorhood":"\"neigh 1\"","state":"\"São Paulo\"","street":"\"false st\"","streetNum":3134}
{"city":"\"São Paulo\"","cod":1,"country":"\"Brazil\"","neighBorhood":"\"neigh 1\"","state":"\"São Paulo\"","street":"\"false st\"","streetNum":3134}
{"city":"\"São Paulo\"","cod":1,"country":"\"Brazil\"","neighBorhood":"\"neigh 1\"","state":"\"São Paulo\"","street":"\"false st\"","streetNum":3134}
{"city":"\"São Paulo\"","cod":1,"country":"\"Brazil\"","neighBorhood":"\"neigh 1\"","state":"\"São Paulo\"","street":"\"false st\"","streetNum":3134}
{"city":"\"São Paulo\"","cod":1,"country":"\"Brazil\"","neighBorhood":"\"neigh 1\"","state":"\"São Paulo\"","street":"\"false st\"","streetNum":3134}
{"city":"\"São Paulo\"","cod":1,"country":"\"Brazil\"","neighBorhood":"\"neigh 1\"","state":"\"São Paulo\"","street":"\"false st\"","streetNum":3134}
{"city":"\"São Paulo\"","cod":1,"country":"\"Brazil\"","neighBorhood":"\"neigh 1\"","state":"\"São Paulo\"","street":"\"false st\"","streetNum":3134}
{"city":"\"São Paulo\"","cod":1,"country":"\"Brazil\"","neighBorhood":"\"neigh 1\"","state":"\"São Paulo\"","street":"\"false st\"","streetNum":3134}
{"city":"\"São Paulo\"","cod":1,"country":"\"Brazil\"","neighBorhood":"\"neigh 1\"","state":"\"São Paulo\"","street":"\"false st\"","streetNum":3134}
{"city":"\"São Paulo\"","cod":1,"country":"\"Brazil\"","neighBorhood":"\"neigh 1\"","state":"\"São Paulo\"","street":"\"false st\"","streetNum":3134}
{"city":"\"São Paulo\"","cod":1,"country":"\"Brazil\"","neighBorhood":"\"neigh 1\"","state":"\"São Paulo\"","street":"\"false st\"","streetNum":3134}
{"city":"\"São Paulo\"","cod":1,"country":"\"Brazil\"","neighBorhood":"\"neigh 1\"","state":"\"São Paulo\"","street":"\"false st\"","streetNum":3134}
{"city":"\"São Paulo\"","cod":1,"country":"\"Brazil\"","neighBorhood":"\"neigh 1\"","state":"\"São Paulo\"","street":"\"false st\"","streetNum":3134}
{"city":"\"São Paulo\"","cod":1,"country":"\"Brazil\"","neighBorhood":"\"neigh 1\"","state":"\"São Paulo\"","street":"\"false st\"","streetNum":3134}
{"city":"\"São Paulo\"","cod":1,"country":"\"Brazil\"","neighBorhood":"\"neigh 1\"","state":"\"São Paulo\"","street":"\"false st\"","streetNum":3134}
{"city":"\"São Paulo\"","cod":1,"country":"\"Brazil\"","neighBorhood":"\"neigh 1\"","state":"\"São Paulo\"","street":"\"false st\"","streetNum":3134}
{"city":"\"São Paulo\"","cod":1,"country":"\"Brazil\"","neighBorhood":"\"neigh 1\"","state":"\"São Paulo\"","street":"\"false st\"","streetNum":3134}
{"city":"\"São Paulo\"","cod":1,"country":"\"Brazil\"","neighBorhood":"\"neigh 1\"","state":"\"São Paulo\"","street":"\"false st\"","streetNum":3134}
{"city":"\"São Paulo\"","cod":1,"country":"\"Brazil\"","neighBorhood":"\"neigh 1\"","state":"\"São Paulo\"","street":"\"false st\"","streetNum":3134}
{"city":"\"São Paulo\"","cod":1,"country":"\"Brazil\"","neighBorhood":"\"neigh 1\"","state":"\"São Paulo\"","street":"\"false st\"","streetNum":3134}
{"city":"\"São Paulo\"","cod":1,"country":"\"Brazil\"","neighBorhood":"\"neigh 1\"","state":"\"São Paulo\"","street":"\"false st\"","streetNum":3134}
{"city":"\"São Paulo\"","cod":1,"country":"\"Brazil\"","neighBorhood":"\"neigh 1\"","state":"\"São Paulo\"","street":"\"false st\"","streetNum":3134}
{"city":"\"São Paulo\"","cod":1,"country":"\"Brazil\"","neighBorhood":"\"neigh 1\"","state":"\"São Paulo\"","street":"\"false st\"","streetNum":3134}
{"city":"\"São Paulo\"","cod":1,"country":"\"Brazil\"","neighBorhood":"\"neigh 1\"","state":"\"São Paulo\"","street":"\"false st\"","streetNum":3134}
{"city":"\"São Paulo\"","cod":1,"country":"\"Brazil\"","neighBorhood":"\"neigh 1\"","state":"\"São Paulo\"","street":"\"false st\"","streetNum":3134}
{"city":"\"São Paulo\"","cod":1,"country":"\"Brazil\"","neighBorhood":"\"neigh 1\"","state":"\"São Paulo\"","street":"\"false st\"","streetNum":3134}
{"city":"\"São Paulo\"","cod":1,"country":"\"Brazil\"","neighBorhood":"\"neigh 1\"","state":"\"São Paulo\"","street":"\"false st\"","streetNum":3134}
{"city":"\"São Paulo\"","cod":1,"country":"\"Brazil\"","neighBorhood":"\"neigh 1\"","state":"\"São Paulo\"","street":"\"false st\"","streetNum":3134}
{"city":"\"São Paulo\"","cod":1,"country":"\"Brazil\"","neighBorhood":"\"neigh 1\"","state":"\"São Paulo\"","street":"\"false st\"","streetNum":3134}
{"city":"\"São Paulo\"","cod":1,"country":"\"Brazil\"","neighBorhood":"\"neigh 1\"","state":"\"São Paulo\"","street":"\"false st\"","streetNum":3134}
{"city":"\"São Paulo\"","cod":1,"country":"\"Brazil\"","neighBorhood":"\"neigh 1\"","state":"\"São Paulo\"","street":"\"false st\"","streetNum":3134}
{"city":"\"São Paulo\"","cod":1,"country":"\"Brazil\"","neighBorhood":"\"neigh 1\"","state":"\"São Paulo\"","street":"\"false st\"","streetNum":3134}
{"city":"\"São Paulo\"","cod":1,"country":"\"Brazil\"","neighBorhood":"\"neigh 1\"","state":"\"São Paulo\"","street":"\"false st\"","streetNum":3134}
{"city":"\"São Paulo\"","cod":1,"country":"\"Brazil\"","neighBorhood":"\"neigh 1\"","state":"\"São Paulo\"","street":"\"false st\"","streetNum":3134}
{"city":"\"São Paulo\"","cod":1,"country":"\"Brazil\"","neighBorhood":"\"neigh 1\"","state":"\"São Paulo\"","street":"\"false st\"","streetNum":3134}
{"city":"\"São Paulo\"","cod":1,"country":"\"Brazil\"","neighBorhood":"\"neigh 1\"","state":"\"São Paulo\"","street":"\"false st\"","streetNum":3134}
{"city":"\"São Paulo\"","cod":1,"country":"\"Brazil\"","neighBorhood":"\"neigh 1\"","state":"\"São Paulo\"","street":"\"false st\"","streetNum":3134}
{"city":"\"São Paulo\"","cod":1,"country":"\"Brazil\"","neighBorhood":"\"neigh 1\"","state":"\"São Paulo\"","street":"\"false st\"","streetNum":3134}
{"city":"\"São Paulo\"","cod":1,"country":"\"Brazil\"","neighBorhood":"\"neigh 1\"","state":"\"São Paulo\"","street":"\"false st\"","streetNum":3134}
{"city":"\"São Paulo\"","cod":1,"country":"\"Brazil\"","neighBorhood":"\"neigh 1\"","state":"\"São Paulo\"","street":"\"false st\"","streetNum":3134}
{"city":"\"São Paulo\"","cod":1,"country":"\"Brazil\"","neighBorhood":"\"neigh 1\"","state":"\"São Paulo\"","street":"\"false st\"","streetNum":3134}
{"city":"\"São Paulo\"","cod":1,"country":"\"Brazil\"","neighBorhood":"\"neigh 1\"","state":"\"São Paulo\"","street":"\"false st\"","streetNum":3134}
{"city":"\"São Paulo\"","cod":1,"country":"\"Brazil\"","neighBorhood":"\"neigh 1\"","state":"\"São Paulo\"","street":"\"false st\"","streetNum":3134}
{"city":"\"São Paulo\"","cod":1,"country":"\"Brazil\"","neighBorhood":"\"neigh 1\"","state":"\"São Paulo\"","street":"\"false st\"","streetNum":3134}
{"city":"\"São Paulo\"","cod":1,"country":"\"Brazil\"","neighBorhood":"\"neigh 1\"","state":"\"São Paulo\"","street":"\"false st\"","streetNum":3134}
{"city":"\"São Paulo\"","cod":1,"country":"\"Brazil\"","neighBorhood":"\"neigh 1\"","state":"\"São Paulo\"","street":"\"false st\"","streetNum":3134}
{"city":"\"São Paulo\"","cod":1,"country":"\"Brazil\"","neighBorhood":"\"neigh 1\"","state":"\"São Paulo\"","street":"\"false st\"","streetNum":3134}
{"city":"\"São Paulo\"","cod":1,"country":"\"Brazil\"","neighBorhood":"\"neigh 1\"","state":"\"São Paulo\"","street":"\"false st\"","streetNum":3134}
{"city":"\"São Paulo\"","cod":1,"country":"\"Brazil\"","neighBorhood":"\"neigh 1\"","state":"\"São Paulo\"","street":"\"false st\"","streetNum":3134}
{"city":"\"São Paulo\"","cod":1,"country":"\"Brazil\"","neighBorhood":"\"neigh 1\"","state":"\"São Paulo\"","street":"\"false st\"","streetNum":3134}
{"city":"\"São Paulo\"","cod":1,"country":"\"Brazil\"","neighBorhood":"\"neigh 1\"","state":"\"São Paulo\"","street":"\"false st\"","streetNum":3134}
{"city":"\"São Paulo\"","cod":1,"country":"\"Brazil\"","neighBorhood":"\"neigh 1\"","state":"\"São Paulo\"","street":"\"false st\"","streetNum":3134}
{"city":"\"São Paulo\"","cod":1,"country":"\"Brazil\"","neighBorhood":"\"neigh 1\"","state":"\"São Paulo\"","street":"\"false st\"","streetNum":3134}
{"city":"\"São Paulo\"","cod":1,"country":"\"Brazil\"","neighBorhood":"\"neigh 1\"","state":"\"São Paulo\"","street":"\"false st\"","streetNum":3134}
{"city":"\"São Paulo\"","cod":1,"country":"\"Brazil\"","neighBorhood":"\"neigh 1\"","state":"\"São Paulo\"","street":"\"false st\"","streetNum":3134}
{"city":"\"São Paulo\"","cod":1,"country":"\"Brazil\"","neighBorhood":"\"neigh 1\"","state":"\"São Paulo\"","street":"\"false st\"","streetNum":3134}
{"city":"\"São Paulo\"","cod":1,"country":"\"Brazil\"","neighBorhood":"\"neigh 1\"","state":"\"São Paulo\"","street":"\"false st\"","streetNum":3134}
{"city":"\"São Paulo\"","cod":1,"country":"\"Brazil\"","neighBorhood":"\"neigh 1\"","state":"\"São Paulo\"","street":"\"false st\"","streetNum":3134}
{"city":"\"São Paulo\"","cod":1,"country":"\"Brazil\"","neighBorhood":"\"neigh 1\"","state":"\"São Paulo\"","street":"\"false st\"","streetNum":3134}
{"city":"\"São Paulo\"","cod":1,"country":"\"Brazil\"","neighBorhood":"\"neigh 1\"","state":"\"São Paulo\"","street":"\"false st\"","streetNum":3134}
{"city":"\"São Paulo\"","cod":1,"country":"\"Brazil\"","neighBorhood":"\"neigh 1\"","state":"\"São Paulo\"","street":"\"false st\"","streetNum":3134}
{"city":"\"São Paulo\"","cod":1,"country":"\"Brazil\"","neighBorhood":"\"neigh 1\"","state":"\"São Paulo\"","street":"\"false st\"","streetNum":3134}
{"city":"\"São Paulo\"","cod":1,"country":"\"Brazil\"","neighBorhood":"\"neigh 1\"","state":"\"São Paulo\"","street":"\"false st\"","streetNum":3134}
{"city":"\"São Paulo\"","cod":1,"country":"\"Brazil\"","neighBorhood":"\"neigh 1\"","state":"\"São Paulo\"","street":"\"false st\"","streetNum":3134}
{"city":"\"São Paulo\"","cod":1,"country":"\"Brazil\"","neighBorhood":"\"neigh 1\"","state":"\"São Paulo\"","street":"\"false st\"","streetNum":3134}
{"city":"\"São Paulo\"","cod":1,"country":"\"Brazil\"","neighBorhood":"\"neigh 1\"","state":"\"São Paulo\"","street":"\"false st\"","streetNum":3134}
{"city":"\"São Paulo\"","cod":1,"country":"\"Brazil\"","neighBorhood":"\"neigh 1\"","state":"\"São Paulo\"","street":"\"false st\"","streetNum":3134}
{"city":"\"São Paulo\"","cod":1,"country":"\"Brazil\"","neighBorhood":"\"neigh 1\"","state":"\"São Paulo\"","street":"\"false st\"","streetNum":3134}
{"city":"\"São Paulo\"","cod":1,"country":"\"Brazil\"","neighBorhood":"\"neigh 1\"","state":"\"São Paulo\"","street":"\"false st\"","streetNum":3134}
{"city":"\"São Paulo\"","cod":1,"country":"\"Brazil\"","neighBorhood":"\"neigh 1\"","state":"\"São Paulo\"","street":"\"false st\"","streetNum":3134}
{"city":"\"São Paulo\"","cod":1,"country":"\"Brazil\"","neighBorhood":"\"neigh 1\"","state":"\"São Paulo\"","street":"\"false st\"","streetNum":3134}
{"city":"\"São Paulo\"","cod":1,"country":"\"Brazil\"","neighBorhood":"\"neigh 1\"","state":"\"São Paulo\"","street":"\"false st\"","streetNum":3134}
{"city":"\"São Paulo\"","cod":1,"country":"\"Brazil\"","neighBorhood":"\"neigh 1\"","state":"\"São Paulo\"","street":"\"false st\"","streetNum":3134}
{"city":"\"São Paulo\"","cod":1,"country":"\"Brazil\"","neighBorhood":"\"neigh 1\"","state":"\"São Paulo\"","street":"\"false st\"","streetNum":3134}
{"city":"\"São Paulo\"","cod":1,"country":"\"Brazil\"","neighBorhood":"\"neigh 1\"","state":"\"São Paulo\"","street":"\"false st\"","streetNum":3134}
{"city":"\"São Paulo\"","cod":1,"country":"\"Brazil\"","neighBorhood":"\"neigh 1\"","state":"\"São Paulo\"","street":"\"false st\"","streetNum":3134}
{"city":"\"São Paulo\"","cod":1,"country":"\"Brazil\"","neighBorhood":"\"neigh 1\"","state":"\"São Paulo\"","street":"\"false st\"","streetNum":3134}
{"city":"\"São Paulo\"","cod":1,"country":"\"Brazil\"","neighBorhood":"\"neigh 1\"","state":"\"São Paulo\"","street":"\"false st\"","streetNum":3134}
{"city":"\"São Paulo\"","cod":1,"country":"\"Brazil\"","neighBorhood":"\"neigh 1\"","state":"\"São Paulo\"","street":"\"false st\"","streetNum":3134}
{"city":"\"São Paulo\"","cod":1,"country":"\"Brazil\"","neighBorhood":"\"neigh 1\"","state":"\"São Paulo\"","street":"\"false st\"","streetNum":3134}
{"city":"\"São Paulo\"","cod":1,"country":"\"Brazil\"","neighBorhood":"\"neigh 1\"","state":"\"São Paulo\"","street":"\"false st\"","streetNum":3134}
{"city":"\"São Paulo\"","cod":1,"country":"\"Brazil\"","neighBorhood":"\"neigh 1\"","state":"\"São Paulo\"","street":"\"false st\"","streetNum":3134}
{"city":"\"São Paulo\"","cod":1,"country":"\"Brazil\"","neighBorhood":"\"neigh 1\"","state":"\"São Paulo\"","street":"\"false st\"","streetNum":3134}
{"city":"\"São Paulo\"","cod":1,"country":"\"Brazil\"","neighBorhood":"\"neigh 1\"","state":"\"São Paulo\"","street":"\"false st\"","streetNum":3134}
{"city":"\"São Paulo\"","cod":1,"country":"\"Brazil\"","neighBorhood":"\"neigh 1\"","state":"\"São Paulo\"","street":"\"false st\"","streetNum":3134}
{"city":"\"São Paulo\"","cod":1,"country":"\"Brazil\"","neighBorhood":"\"neigh 1\"","state":"\"São Paulo\"","street":"\"false st\"","streetNum":3134}
{"city":"\"São Paulo\"","cod":1,"country":"\"Brazil\"","neighBorhood":"\"neigh 1\"","state":"\"São Paulo\"","street":"\"false st\"","streetNum":3134}
{"city":"\"São Paulo\"","cod":1,"country":"\"Brazil\"","neighBorhood":"\"neigh 1\"","state":"\"São Paulo\"","street":"\"false st\"","streetNum":3134}
{"city":"\"São Paulo\"","cod":1,"country":"\"Brazil\"","neighBorhood":"\"neigh 1\"","state":"\"São Paulo\"","street":"\"false st\"","streetNum":3134}
{"city":"\"São Paulo\"","cod":1,"country":"\"Brazil\"","neighBorhood":"\"neigh 1\"","state":"\"São Paulo\"","street":"\"false st\"","streetNum":3134}
{"city":"\"São Paulo\"","cod":1,"country":"\"Brazil\"","neighBorhood":"\"neigh 1\"","state":"\"São Paulo\"","street":"\"false st\"","streetNum":3134}
{"city":"\"São Paulo\"","cod":1,"country":"\"Brazil\"","neighBorhood":"\"neigh 1\"","state":"\"São Paulo\"","street":"\"false st\"","streetNum":3134}
{"city":"\"São Paulo\"","cod":1,"country":"\"Brazil\"","neighBorhood":"\"neigh 1\"","state":"\"São Paulo\"","street":"\"false st\"","streetNum":3134}
{"city":"\"São Paulo\"","cod":1,"country":"\"Brazil\"","neighBorhood":"\"neigh 1\"","state":"\"São Paulo\"","street":"\"false st\"","streetNum":3134}
{"city":"\"São Paulo\"","cod":1,"country":"\"Brazil\"","neighBorhood":"\"neigh 1\"","state":"\"São Paulo\"","street":"\"false st\"","streetNum":3134}
{"city":"\"São Paulo\"","cod":1,"country":"\"Brazil\"","neighBorhood":"\"neigh 1\"","state":"\"São Paulo\"","street":"\"false st\"","streetNum":3134}
{"city":"\"São Paulo\"","cod":1,"country":"\"Brazil\"","neighBorhood":"\"neigh 1\"","state":"\"São Paulo\"","street":"\"false st\"","streetNum":3134}
{"city":"\"São Paulo\"","cod":1,"country":"\"Brazil\"","neighBorhood":"\"neigh 1\"","state":"\"São Paulo\"","street":"\"false st\"","streetNum":3134}
{"city":"\"São Paulo\"","cod":1,"country":"\"Brazil\"","neighBorhood":"\"neigh 1\"","state":"\"São Paulo\"","street":"\"false st\"","streetNum":3134}
{"city":"\"São Paulo\"","cod":1,"country":"\"Brazil\"","neighBorhood":"\"neigh 1\"","state":"\"São Paulo\"","street":"\"false st\"","streetNum":3134}
{"city":"\"São Paulo\"","cod":1,"country":"\"Brazil\"","neighBorhood":"\"neigh 1\"","state":"\"São Paulo\"","street":"\"false st\"","streetNum":3134}
{"city":"\"São Paulo\"","cod":1,"country":"\"Brazil\"","neighBorhood":"\"neigh 1\"","state":"\"São Paulo\"","street":"\"false st\"","streetNum":3134}
{"city":"\"São Paulo\"","cod":1,"country":"\"Brazil\"","neighBorhood":"\"neigh 1\"","state":"\"São Paulo\"","street":"\"false st\"","streetNum":3134}
{"city":"\"São Paulo\"","cod":1,"country":"\"Brazil\"","neighBorhood":"\"neigh 1\"","state":"\"São Paulo\"","street":"\"false st\"","streetNum":3134}
{"city":"\"São Paulo\"","cod":1,"country":"\"Brazil\"","neighBorhood":"\"neigh 1\"","state":"\"São Paulo\"","street":"\"false st\"","streetNum":3134}
{"city":"\"São Paulo\"","cod":1,"country":"\"Brazil\"","neighBorhood":"\"neigh 1\"","state":"\"São Paulo\"","street":"\"false st\"","streetNum":3134}
{"city":"\"São Paulo\"","cod":1,"country":"\"Brazil\"","neighBorhood":"\"neigh 1\"","state":"\"São Paulo\"","street":"\"false st\"","streetNum":3134}
{"city":"\"São Paulo\"","cod":1,"country":"\"Brazil\"","neighBorhood":"\"neigh 1\"","state":"\"São Paulo\"","street":"\"false st\"","streetNum":3134}
{"city":"\"São Paulo\"","cod":1,"country":"\"Brazil\"","neighBorhood":"\"neigh 1\"","state":"\"São Paulo\"","street":"\"false st\"","streetNum":3134}
{"city":"\"São Paulo\"","cod":1,"country":"\"Brazil\"","neighBorhood":"\"neigh 1\"","state":"\"São Paulo\"","street":"\"false st\"","streetNum":3134}
{"city":"\"São Paulo\"","cod":1,"country":"\"Brazil\"","neighBorhood":"\"neigh 1\"","state":"\"São Paulo\"","street":"\"false st\"","streetNum":3134}
{"city":"\"São Paulo\"","cod":1,"country":"\"Brazil\"","neighBorhood":"\"neigh 1\"","state":"\"São Paulo\"","street":"\"false st\"","streetNum":3134}
{"city":"\"São Paulo\"","cod":1,"country":"\"Brazil\"","neighBorhood":"\"neigh 1\"","state":"\"São Paulo\"","street":"\"false st\"","streetNum":3134}
{"city":"\"São Paulo\"","cod":1,"country":"\"Brazil\"","neighBorhood":"\"neigh 1\"","state":"\"São Paulo\"","street":"\"false st\"","streetNum":3134}
{"city":"\"São Paulo\"","cod":1,"country":"\"Brazil\"","neighBorhood":"\"neigh 1\"","state":"\"São Paulo\"","street":"\"false st\"","streetNum":3134}
{"city":"\"São Paulo\"","cod":1,"country":"\"Brazil\"","neighBorhood":"\"neigh 1\"","state":"\"São Paulo\"","street":"\"false st\"","streetNum":3134}
{"city":"\"São Paulo\"","cod":1,"country":"\"Brazil\"","neighBorhood":"\"neigh 1\"","state":"\"São Paulo\"","street":"\"false st\"","streetNum":3134}
{"city":"\"São Paulo\"","cod":1,"country":"\"Brazil\"","neighBorhood":"\"neigh 1\"","state":"\"São Paulo\"","street":"\"false st\"","streetNum":3134}
{"city":"\"São Paulo\"","cod":1,"country":"\"Brazil\"","neighBorhood":"\"neigh 1\"","state":"\"São Paulo\"","street":"\"false st\"","streetNum":3134}
{"city":"\"São Paulo\"","cod":1,"country":"\"Brazil\"","neighBorhood":"\"neigh 1\"","state":"\"São Paulo\"","street":"\"false st\"","streetNum":3134}
{"city":"\"São Paulo\"","cod":1,"country":"\"Brazil\"","neighBorhood":"\"neigh 1\"","state":"\"São Paulo\"","street":"\"false st\"","streetNum":3134}
{"city":"\"São Paulo\"","cod":1,"country":"\"Brazil\"","neighBorhood":"\"neigh 1\"","state":"\"São Paulo\"","street":"\"false st\"","streetNum":3134}
{"city":"\"São Paulo\"","cod":1,"country":"\"Brazil\"","neighBorhood":"\"neigh 1\"","state":"\"São Paulo\"","street":"\"false st\"","streetNum":3134}
{"city":"\"São Paulo\"","cod":1,"country":"\"Brazil\"","neighBorhood":"\"neigh 1\"","state":"\"São Paulo\"","street":"\"false st\"","streetNum":3134}
{"city":"\"São Paulo\"","cod":1,"country":"\"Brazil\"","neighBorhood":"\"neigh 1\"","state":"\"São Paulo\"","street":"\"false st\"","streetNum":3134}
{"city":"\"São Paulo\"","cod":1,"country":"\"Brazil\"","neighBorhood":"\"neigh 1\"","state":"\"São Paulo\"","street":"\"false st\"","streetNum":3134}
{"city":"\"São Paulo\"","cod":1,"country":"\"Brazil\"","neighBorhood":"\"neigh 1\"","state":"\"São Paulo\"","street":"\"false st\"","streetNum":3134}
{"city":"\"São Paulo\"","cod":1,"country":"\"Brazil\"","neighBorhood":"\"neigh 1\"","state":"\"São Paulo\"","street":"\"false st\"","streetNum":3134}
{"city":"\"São Paulo\"","cod":1,"country":"\"Brazil\"","neighBorhood":"\"neigh 1\"","state":"\"São Paulo\"","street":"\"false st\"","streetNum":3134}
{"city":"\"São Paulo\"","cod":1,"country":"\"Brazil\"","neighBorhood":"\"neigh 1\"","state":"\"São Paulo\"","street":"\"false st\"","streetNum":3134}
{"city":"\"São Paulo\"","cod":1,"country":"\"Brazil\"","neighBorhood":"\"neigh 1\"","state":"\"São Paulo\"","street":"\"false st\"","streetNum":3134}
{"city":"\"São Paulo\"","cod":1,"country":"\"Brazil\"","neighBorhood":"\"neigh 1\"","state":"\"São Paulo\"","street":"\"false st\"","streetNum":3134}
{"city":"\"São Paulo\"","cod":1,"country":"\"Brazil\"","neighBorhood":"\"neigh 1\"","state":"\"São Paulo\"","street":"\"false st\"","streetNum":3134}
{"city":"\"São Paulo\"","cod":1,"country":"\"Brazil\"","neighBorhood":"\"neigh 1\"","state":"\"São Paulo\"","street":"\"false st\"","streetNum":3134}
{"city":"\"São Paulo\"","cod":1,"country":"\"Brazil\"","neighBorhood":"\"neigh 1\"","state":"\"São Paulo\"","street":"\"false st\"","streetNum":3134}
{"city":"\"São Paulo\"","cod":1,"country":"\"Brazil\"","neighBorhood":"\"neigh 1\"","state":"\"São Paulo\"","street":"\"false st\"","streetNum":3134}
{"city":"\"São Paulo\"","cod":1,"country":"\"Brazil\"","neighBorhood":"\"neigh 1\"","state":"\"São Paulo\"","street":"\"false st\"","streetNum":3134}
{"city":"\"São Paulo\"","cod":1,"country":"\"Brazil\"","neighBorhood":"\"neigh 1\"","state":"\"São Paulo\"","street":"\"false st\"","streetNum":3134}
{"city":"\"São Paulo\"","cod":1,"country":"\"Brazil\"","neighBorhood":"\"neigh 1\"","state":"\"São Paulo\"","street":"\"false st\"","streetNum":3134}
{"city":"\"São Paulo\"","cod":1,"country":"\"Brazil\"","neighBorhood":"\"neigh 1\"","state":"\"São Paulo\"","street":"\"false st\"","streetNum":3134}
{"city":"\"São Paulo\"","cod":1,"country":"\"Brazil\"","neighBorhood":"\"neigh 1\"","state":"\"São Paulo\"","street":"\"false st\"","streetNum":3134}
{"city":"\"São Paulo\"","cod":1,"country":"\"Brazil\"","neighBorhood":"\"neigh 1\"","state":"\"São Paulo\"","street":"\"false st\"","streetNum":3134}
{"city":"\"São Paulo\"","cod":1,"country":"\"Brazil\"","neighBorhood":"\"neigh 1\"","state":"\"São Paulo\"","street":"\"false st\"","streetNum":3134}
{"city":"\"São Paulo\"","cod":1,"country":"\"Brazil\"","neighBorhood":"\"neigh 1\"","state":"\"São Paulo\"","street":"\"false st\"","streetNum":3134}
{"city":"\"São Paulo\"","cod":1,"country":"\"Brazil\"","neighBorhood":"\"neigh 1\"","state":"\"São Paulo\"","street":"\"false st\"","streetNum":3134}
{"city":"\"São Paulo\"","cod":1,"country":"\"Brazil\"","neighBorhood":"\"neigh 1\"","state":"\"São Paulo\"","street":"\"false st\"","streetNum":3134}
{"city":"\"São Paulo\"","cod":1,"country":"\"Brazil\"","neighBorhood":"\"neigh 1\"","state":"\"São Paulo\"","street":"\"false st\"","streetNum":3134}
{"city":"\"São Paulo\"","cod":1,"country":"\"Brazil\"","neighBorhood":"\"neigh 1\"","state":"\"São Paulo\"","street":"\"false st\"","streetNum":3134}
{"city":"\"São Paulo\"","cod":1,"country":"\"Brazil\"","neighBorhood":"\"neigh 1\"","state":"\"São Paulo\"","street":"\"false st\"","streetNum":3134}
{"city":"\"São Paulo\"","cod":1,"country":"\"Brazil\"","neighBorhood":"\"neigh 1\"","state":"\"São Paulo\"","street":"\"false st\"","streetNum":3134}
{"city":"\"São Paulo\"","cod":1,"country":"\"Brazil\"","neighBorhood":"\"neigh 1\"","state":"\"São Paulo\"","street":"\"false st\"","streetNum":3134}
{"city":"\"São Paulo\"","cod":1,"country":"\"Brazil\"","neighBorhood":"\"neigh 1\"","state":"\"São Paulo\"","street":"\"false st\"","streetNum":3134}
{"city":"\"São Paulo\"","cod":1,"country":"\"Brazil\"","neighBorhood":"\"neigh 1\"","state":"\"São Paulo\"","street":"\"false st\"","streetNum":3134}
{"city":"\"São Paulo\"","cod":1,"country":"\"Brazil\"","neighBorhood":"\"neigh 1\"","state":"\"São Paulo\"","street":"\"false st\"","streetNum":3134}
{"city":"\"São Paulo\"","cod":1,"country":"\"Brazil\"","neighBorhood":"\"neigh 1\"","state":"\"São Paulo\"","street":"\"false st\"","streetNum":3134}
{"city":"\"São Paulo\"","cod":1,"country":"\"Brazil\"","neighBorhood":"\"neigh 1\"","state":"\"São Paulo\"","street":"\"false st\"","streetNum":3134}
{"city":"\"São Paulo\"","cod":1,"country":"\"Brazil\"","neighBorhood":"\"neigh 1\"","state":"\"São Paulo\"","street":"\"false st\"","streetNum":3134}
{"city":"\"São Paulo\"","cod":1,"country":"\"Brazil\"","neighBorhood":"\"neigh 1\"","state":"\"São Paulo\"","street":"\"false st\"","streetNum":3134}
{"city":"\"São Paulo\"","cod":1,"country":"\"Brazil\"","neighBorhood":"\"neigh 1\"","state":"\"São Paulo\"","street":"\"false st\"","streetNum":3134}
{"city":"\"São Paulo\"","cod":1,"country":"\"Brazil\"","neighBorhood":"\"neigh 1\"","state":"\"São Paulo\"","street":"\"false st\"","streetNum":3134}
{"city":"\"São Paulo\"","cod":1,"country":"\"Brazil\"","neighBorhood":"\"neigh 1\"","state":"\"São Paulo\"","street":"\"false st\"","streetNum":3134}
{"city":"\"São Paulo\"","cod":1,"country":"\"Brazil\"","neighBorhood":"\"neigh 1\"","state":"\"São Paulo\"","street":"\"false st\"","streetNum":3134}
{"city":"\"São Paulo\"","cod":1,"country":"\"Brazil\"","neighBorhood":"\"neigh 1\"","state":"\"São Paulo\"","street":"\"false st\"","streetNum":3134}
{"city":"\"São Paulo\"","cod":1,"country":"\"Brazil\"","neighBorhood":"\"neigh 1\"","state":"\"São Paulo\"","street":"\"false st\"","streetNum":3134}
{"city":"\"São Paulo\"","cod":1,"country":"\"Brazil\"","neighBorhood":"\"neigh 1\"","state":"\"São Paulo\"","street":"\"false st\"","streetNum":3134}
{"city":"\"São Paulo\"","cod":1,"country":"\"Brazil\"","neighBorhood":"\"neigh 1\"","state":"\"São Paulo\"","street":"\"false st\"","streetNum":3134}
{"city":"\"São Paulo\"","cod":1,"country":"\"Brazil\"","neighBorhood":"\"neigh 1\"","state":"\"São Paulo\"","street":"\"false st\"","streetNum":3134}
{"city":"\"São Paulo\"","cod":1,"country":"\"Brazil\"","neighBorhood":"\"neigh 1\"","state":"\"São Paulo\"","street":"\"false st\"","streetNum":3134}
{"city":"\"São Paulo\"","cod":1,"country":"\"Brazil\"","neighBorhood":"\"neigh 1\"","state":"\"São Paulo\"","street":"\"false st\"","streetNum":3134}
{"city":"\"São Paulo\"","cod":1,"country":"\"Brazil\"","neighBorhood":"\"neigh 1\"","state":"\"São Paulo\"","street":"\"false st\"","streetNum":3134}
{"city":"\"São Paulo\"","cod":1,"country":"\"Brazil\"","neighBorhood":"\"neigh 1\"","state":"\"São Paulo\"","street":"\"false st\"","streetNum":3134}
{"city":"\"São Paulo\"","cod":1,"country":"\"Brazil\"","neighBorhood":"\"neigh 1\"","state":"\"São Paulo\"","street":"\"false st\"","streetNum":3134}
{"city":"\"São Paulo\"","cod":1,"country":"\"Brazil\"","neighBorhood":"\"neigh 1\"","state":"\"São Paulo\"","street":"\"false st\"","streetNum":3134}
{"city":"\"São Paulo\"","cod":1,"country":"\"Brazil\"","neighBorhood":"\"neigh 1\"","state":"\"São Paulo\"","street":"\"false st\"","streetNum":3134}
{"city":"\"São Paulo\"","cod":1,"country":"\"Brazil\"","neighBorhood":"\"neigh 1\"","state":"\"São Paulo\"","street":"\"false st\"","streetNum":3134}
{"city":"\"São Paulo\"","cod":1,"country":"\"Brazil\"","neighBorhood":"\"neigh 1\"","state":"\"São Paulo\"","street":"\"false st\"","streetNum":3134}
{"city":"\"São Paulo\"","cod":1,"country":"\"Brazil\"","neighBorhood":"\"neigh 1\"","state":"\"São Paulo\"","street":"\"false st\"","streetNum":3134}
{"city":"\"São Paulo\"","cod":1,"country":"\"Brazil\"","neighBorhood":"\"neigh 1\"","state":"\"São Paulo\"","street":"\"false st\"","streetNum":3134}
{"city":"\"São Paulo\"","cod":1,"country":"\"Brazil\"","neighBorhood":"\"neigh 1\"","state":"\"São Paulo\"","street":"\"false st\"","streetNum":3134}
{"city":"\"São Paulo\"","cod":1,"country":"\"Brazil\"","neighBorhood":"\"neigh 1\"","state":"\"São Paulo\"","street":"\"false st\"","streetNum":3134}
{"city":"\"São Paulo\"","cod":1,"country":"\"Brazil\"","neighBorhood":"\"neigh 1\"","state":"\"São Paulo\"","street":"\"false st\"","streetNum":3134}
