{"age":36,"birthday":"\"21/06/1982\"","civilStatus":"\"Single\"","cod":1,"document":"\"43456754356\"","name":"\"alexandre eleuterio santos lourenco 1\"","phone":"\"+5511234433443\""}
{"age":36,"birthday":"\"21/06/1982\"","civilStatus":"\"Single\"","cod":1,"document":"\"43456754356\"","name":"\"alexandre eleuterio santos lourenco 1\"","phone":"\"+5511234433443\""}
{"age":36,"birthday":"\"21/06/1982\"","civilStatus":"\"Single\"","cod":1,"document":"\"43456754356\"","name":"\"alexandre eleuterio santos lourenco 1\"","phone":"\"+5511234433443\""}
{"age":36,"birthday":"\"21/06/1982\"","civilStatus":"\"Single\"","cod":1,"document":"\"43456754356\"","name":"\"alexandre eleuterio santos lourenco 1\"","phone":"\"+5511234433443\""}
{"age":36,"birthday":"\"21/06/1982\"","civilStatus":"\"Single\"","cod":1,"document":"\"43456754356\"","name":"\"alexandre eleuterio santos lourenco 1\"","phone":"\"+5511234433443\""}
{"age":36,"birthday":"\"21/06/1982\"","civilStatus":"\"Single\"","cod":1,"document":"\"43456754356\"","name":"\"alexandre eleuterio santos lourenco 1\"","phone":"\"+5511234433443\""}
{"age":36,"birthday":"\"21/06/1982\"","civilStatus":"\"Single\"","cod":1,"document":"\"43456754356\"","name":"\"alexandre eleuterio santos lourenco 1\"","phone":"\"+5511234433443\""}
{"age":36,"birthday":"\"21/06/1982\"","civilStatus":"\"Single\"","cod":1,"document":"\"43456754356\"","name":"\"alexandre eleuterio santos lourenco 1\"","phone":"\"+5511234433443\""}
{"age":36,"birthday":"\"21/06/1982\"","civilStatus":"\"Single\"","cod":1,"document":"\"43456754356\"","name":"\"alexandre eleuterio santos lourenco 1\"","phone":"\"+5511234433443\""}
{"age":36,"birthday":"\"21/06/1982\"","civilStatus":"\"Single\"","cod":1,"document":"\"43456754356\"","name":"\"alexandre eleuterio santos lourenco 1\"","phone":"\"+5511234433443\""}
{"age":36,"birthday":"\"21/06/1982\"","civilStatus":"\"Single\"","cod":1,"document":"\"43456754356\"","name":"\"alexandre eleuterio santos lourenco 1\"","phone":"\"+5511234433443\""}
{"age":36,"birthday":"\"21/06/1982\"","civilStatus":"\"Single\"","cod":1,"document":"\"43456754356\"","name":"\"alexandre eleuterio santos lourenco 1\"","phone":"\"+5511234433443\""}
{"age":36,"birthday":"\"21/06/1982\"","civilStatus":"\"Single\"","cod":1,"document":"\"43456754356\"","name":"\"alexandre eleuterio santos lourenco 1\"","phone":"\"+5511234433443\""}
{"age":36,"birthday":"\"21/06/1982\"","civilStatus":"\"Single\"","cod":1,"document":"\"43456754356\"","name":"\"alexandre eleuterio santos lourenco 1\"","phone":"\"+5511234433443\""}
{"age":36,"birthday":"\"21/06/1982\"","civilStatus":"\"Single\"","cod":1,"document":"\"43456754356\"","name":"\"alexandre eleuterio santos lourenco 1\"","phone":"\"+5511234433443\""}
{"age":36,"birthday":"\"21/06/1982\"","civilStatus":"\"Single\"","cod":1,"document":"\"43456754356\"","name":"\"alexandre eleuterio santos lourenco 1\"","phone":"\"+5511234433443\""}
{"age":36,"birthday":"\"21/06/1982\"","civilStatus":"\"Single\"","cod":1,"document":"\"43456754356\"","name":"\"alexandre eleuterio santos lourenco 1\"","phone":"\"+5511234433443\""}
{"age":36,"birthday":"\"21/06/1982\"","civilStatus":"\"Single\"","cod":1,"document":"\"43456754356\"","name":"\"alexandre eleuterio santos lourenco 1\"","phone":"\"+5511234433443\""}
{"age":36,"birthday":"\"21/06/1982\"","civilStatus":"\"Single\"","cod":1,"document":"\"43456754356\"","name":"\"alexandre eleuterio santos lourenco 1\"","phone":"\"+5511234433443\""}
{"age":36,"birthday":"\"21/06/1982\"","civilStatus":"\"Single\"","cod":1,"document":"\"43456754356\"","name":"\"alexandre eleuterio santos lourenco 1\"","phone":"\"+5511234433443\""}
{"age":36,"birthday":"\"21/06/1982\"","civilStatus":"\"Single\"","cod":1,"document":"\"43456754356\"","name":"\"alexandre eleuterio santos lourenco 1\"","phone":"\"+5511234433443\""}
{"age":36,"birthday":"\"21/06/1982\"","civilStatus":"\"Single\"","cod":1,"document":"\"43456754356\"","name":"\"alexandre eleuterio santos lourenco 1\"","phone":"\"+5511234433443\""}
{"age":36,"birthday":"\"21/06/1982\"","civilStatus":"\"Single\"","cod":1,"document":"\"43456754356\"","name":"\"alexandre eleuterio santos lourenco 1\"","phone":"\"+5511234433443\""}
{"age":36,"birthday":"\"21/06/1982\"","civilStatus":"\"Single\"","cod":1,"document":"\"43456754356\"","name":"\"alexandre eleuterio santos lourenco 1\"","phone":"\"+5511234433443\""}
{"age":36,"birthday":"\"21/06/1982\"","civilStatus":"\"Single\"","cod":1,"document":"\"43456754356\"","name":"\"alexandre eleuterio santos lourenco 1\"","phone":"\"+5511234433443\""}
{"age":36,"birthday":"\"21/06/1982\"","civilStatus":"\"Single\"","cod":1,"document":"\"43456754356\"","name":"\"alexandre eleuterio santos lourenco 1\"","phone":"\"+5511234433443\""}
{"age":36,"birthday":"\"21/06/1982\"","civilStatus":"\"Single\"","cod":1,"document":"\"43456754356\"","name":"\"alexandre eleuterio santos lourenco 1\"","phone":"\"+5511234433443\""}
{"age":36,"birthday":"\"21/06/1982\"","civilStatus":"\"Single\"","cod":1,"document":"\"43456754356\"","name":"\"alexandre eleuterio santos lourenco 1\"","phone":"\"+5511234433443\""}
{"age":36,"birthday":"\"21/06/1982\"","civilStatus":"\"Single\"","cod":1,"document":"\"43456754356\"","name":"\"alexandre eleuterio santos lourenco 1\"","phone":"\"+5511234433443\""}
{"age":36,"birthday":"\"21/06/1982\"","civilStatus":"\"Single\"","cod":1,"document":"\"43456754356\"","name":"\"alexandre eleuterio santos lourenco 1\"","phone":"\"+5511234433443\""}
{"age":36,"birthday":"\"21/06/1982\"","civilStatus":"\"Single\"","cod":1,"document":"\"43456754356\"","name":"\"alexandre eleuterio santos lourenco 1\"","phone":"\"+5511234433443\""}
{"age":36,"birthday":"\"21/06/1982\"","civilStatus":"\"Single\"","cod":1,"document":"\"43456754356\"","name":"\"alexandre eleuterio santos lourenco 1\"","phone":"\"+5511234433443\""}
{"age":36,"birthday":"\"21/06/1982\"","civilStatus":"\"Single\"","cod":1,"document":"\"43456754356\"","name":"\"alexandre eleuterio santos lourenco 1\"","phone":"\"+5511234433443\""}
{"age":36,"birthday":"\"21/06/1982\"","civilStatus":"\"Single\"","cod":1,"document":"\"43456754356\"","name":"\"alexandre eleuterio santos lourenco 1\"","phone":"\"+5511234433443\""}
{"age":36,"birthday":"\"21/06/1982\"","civilStatus":"\"Single\"","cod":1,"document":"\"43456754356\"","name":"\"alexandre eleuterio santos lourenco 1\"","phone":"\"+5511234433443\""}
{"age":36,"birthday":"\"21/06/1982\"","civilStatus":"\"Single\"","cod":1,"document":"\"43456754356\"","name":"\"alexandre eleuterio santos lourenco 1\"","phone":"\"+5511234433443\""}
{"age":36,"birthday":"\"21/06/1982\"","civilStatus":"\"Single\"","cod":1,"document":"\"43456754356\"","name":"\"alexandre eleuterio santos lourenco 1\"","phone":"\"+5511234433443\""}
{"age":36,"birthday":"\"21/06/1982\"","civilStatus":"\"Single\"","cod":1,"document":"\"43456754356\"","name":"\"alexandre eleuterio santos lourenco 1\"","phone":"\"+5511234433443\""}
{"age":36,"birthday":"\"21/06/1982\"","civilStatus":"\"Single\"","cod":1,"document":"\"43456754356\"","name":"\"alexandre eleuterio santos lourenco 1\"","phone":"\"+5511234433443\""}
{"age":36,"birthday":"\"21/06/1982\"","civilStatus":"\"Single\"","cod":1,"document":"\"43456754356\"","name":"\"alexandre eleuterio santos lourenco 1\"","phone":"\"+5511234433443\""}
{"age":36,"birthday":"\"21/06/1982\"","civilStatus":"\"Single\"","cod":1,"document":"\"43456754356\"","name":"\"alexandre eleuterio santos lourenco 1\"","phone":"\"+5511234433443\""}
{"age":36,"birthday":"\"21/06/1982\"","civilStatus":"\"Single\"","cod":1,"document":"\"43456754356\"","name":"\"alexandre eleuterio santos lourenco 1\"","phone":"\"+5511234433443\""}
{"age":36,"birthday":"\"21/06/1982\"","civilStatus":"\"Single\"","cod":1,"document":"\"43456754356\"","name":"\"alexandre eleuterio santos lourenco 1\"","phone":"\"+5511234433443\""}
{"age":36,"birthday":"\"21/06/1982\"","civilStatus":"\"Single\"","cod":1,"document":"\"43456754356\"","name":"\"alexandre eleuterio santos lourenco 1\"","phone":"\"+5511234433443\""}
{"age":36,"birthday":"\"21/06/1982\"","civilStatus":"\"Single\"","cod":1,"document":"\"43456754356\"","name":"\"alexandre eleuterio santos lourenco 1\"","phone":"\"+5511234433443\""}
{"age":36,"birthday":"\"21/06/1982\"","civilStatus":"\"Single\"","cod":1,"document":"\"43456754356\"","name":"\"alexandre eleuterio santos lourenco 1\"","phone":"\"+5511234433443\""}
{"age":36,"birthday":"\"21/06/1982\"","civilStatus":"\"Single\"","cod":1,"document":"\"43456754356\"","name":"\"alexandre eleuterio santos lourenco 1\"","phone":"\"+5511234433443\""}
{"age":36,"birthday":"\"21/06/1982\"","civilStatus":"\"Single\"","cod":1,"document":"\"43456754356\"","name":"\"alexandre eleuterio santos lourenco 1\"","phone":"\"+5511234433443\""}
{"age":36,"birthday":"\"21/06/1982\"","civilStatus":"\"Single\"","cod":1,"document":"\"43456754356\"","name":"\"alexandre eleuterio santos lourenco 1\"","phone":"\"+5511234433443\""}
{"age":36,"birthday":"\"21/06/1982\"","civilStatus":"\"Single\"","cod":1,"document":"\"43456754356\"","name":"\"alexandre eleuterio santos lourenco 1\"","phone":"\"+5511234433443\""}
{"age":36,"birthday":"\"21/06/1982\"","civilStatus":"\"Single\"","cod":1,"document":"\"43456754356\"","name":"\"alexandre eleuterio santos lourenco 1\"","phone":"\"+5511234433443\""}
{"age":36,"birthday":"\"21/06/1982\"","civilStatus":"\"Single\"","cod":1,"document":"\"43456754356\"","name":"\"alexandre eleuterio santos lourenco 1\"","phone":"\"+5511234433443\""}
{"age":36,"birthday":"\"21/06/1982\"","civilStatus":"\"Single\"","cod":1,"document":"\"43456754356\"","name":"\"alexandre eleuterio santos lourenco 1\"","phone":"\"+5511234433443\""}
{"age":36,"birthday":"\"21/06/1982\"","civilStatus":"\"Single\"","cod":1,"document":"\"43456754356\"","name":"\"alexandre eleuterio santos lourenco 1\"","phone":"\"+5511234433443\""}
{"age":36,"birthday":"\"21/06/1982\"","civilStatus":"\"Single\"","cod":1,"document":"\"43456754356\"","name":"\"alexandre eleuterio santos lourenco 1\"","phone":"\"+5511234433443\""}
{"age":36,"birthday":"\"21/06/1982\"","civilStatus":"\"Single\"","cod":1,"document":"\"43456754356\"","name":"\"alexandre eleuterio santos lourenco 1\"","phone":"\"+5511234433443\""}
{"age":36,"birthday":"\"21/06/1982\"","civilStatus":"\"Single\"","cod":1,"document":"\"43456754356\"","name":"\"alexandre eleuterio santos lourenco 1\"","phone":"\"+5511234433443\""}
{"age":36,"birthday":"\"21/06/1982\"","civilStatus":"\"Single\"","cod":1,"document":"\"43456754356\"","name":"\"alexandre eleuterio santos lourenco 1\"","phone":"\"+5511234433443\""}
{"age":36,"birthday":"\"21/06/1982\"","civilStatus":"\"Single\"","cod":1,"document":"\"43456754356\"","name":"\"alexandre eleuterio santos lourenco 1\"","phone":"\"+5511234433443\""}
{"age":36,"birthday":"\"21/06/1982\"","civilStatus":"\"Single\"","cod":1,"document":"\"43456754356\"","name":"\"alexandre eleuterio santos lourenco 1\"","phone":"\"+5511234433443\""}
{"age":36,"birthday":"\"21/06/1982\"","civilStatus":"\"Single\"","cod":1,"document":"\"43456754356\"","name":"\"alexandre eleuterio santos lourenco 1\"","phone":"\"+5511234433443\""}
{"age":36,"birthday":"\"21/06/1982\"","civilStatus":"\"Single\"","cod":1,"document":"\"43456754356\"","name":"\"alexandre eleuterio santos lourenco 1\"","phone":"\"+5511234433443\""}
{"age":36,"birthday":"\"21/06/1982\"","civilStatus":"\"Single\"","cod":1,"document":"\"43456754356\"","name":"\"alexandre eleuterio santos lourenco 1\"","phone":"\"+5511234433443\""}
{"age":36,"birthday":"\"21/06/1982\"","civilStatus":"\"Single\"","cod":1,"document":"\"43456754356\"","name":"\"alexandre eleuterio santos lourenco 1\"","phone":"\"+5511234433443\""}
{"age":36,"birthday":"\"21/06/1982\"","civilStatus":"\"Single\"","cod":1,"document":"\"43456754356\"","name":"\"alexandre eleuterio santos lourenco 1\"","phone":"\"+5511234433443\""}
{"age":36,"birthday":"\"21/06/1982\"","civilStatus":"\"Single\"","cod":1,"document":"\"43456754356\"","name":"\"alexandre eleuterio santos lourenco 1\"","phone":"\"+5511234433443\""}
{"age":36,"birthday":"\"21/06/1982\"","civilStatus":"\"Single\"","cod":1,"document":"\"43456754356\"","name":"\"alexandre eleuterio santos lourenco 1\"","phone":"\"+5511234433443\""}
{"age":36,"birthday":"\"21/06/1982\"","civilStatus":"\"Single\"","cod":1,"document":"\"43456754356\"","name":"\"alexandre eleuterio santos lourenco 1\"","phone":"\"+5511234433443\""}
{"age":36,"birthday":"\"21/06/1982\"","civilStatus":"\"Single\"","cod":1,"document":"\"43456754356\"","name":"\"alexandre eleuterio santos lourenco 1\"","phone":"\"+5511234433443\""}
{"age":36,"birthday":"\"21/06/1982\"","civilStatus":"\"Single\"","cod":1,"document":"\"43456754356\"","name":"\"alexandre eleuterio santos lourenco 1\"","phone":"\"+5511234433443\""}
{"age":36,"birthday":"\"21/06/1982\"","civilStatus":"\"Single\"","cod":1,"document":"\"43456754356\"","name":"\"alexandre eleuterio santos lourenco 1\"","phone":"\"+5511234433443\""}
{"age":36,"birthday":"\"21/06/1982\"","civilStatus":"\"Single\"","cod":1,"document":"\"43456754356\"","name":"\"alexandre eleuterio santos lourenco 1\"","phone":"\"+5511234433443\""}
{"age":36,"birthday":"\"21/06/1982\"","civilStatus":"\"Single\"","cod":1,"document":"\"43456754356\"","name":"\"alexandre eleuterio santos lourenco 1\"","phone":"\"+5511234433443\""}
{"age":36,"birthday":"\"21/06/1982\"","civilStatus":"\"Single\"","cod":1,"document":"\"43456754356\"","name":"\"alexandre eleuterio santos lourenco 1\"","phone":"\"+5511234433443\""}
{"age":36,"birthday":"\"21/06/1982\"","civilStatus":"\"Single\"","cod":1,"document":"\"43456754356\"","name":"\"alexandre eleuterio santos lourenco 1\"","phone":"\"+5511234433443\""}
{"age":36,"birthday":"\"21/06/1982\"","civilStatus":"\"Single\"","cod":1,"document":"\"43456754356\"","name":"\"alexandre eleuterio santos lourenco 1\"","phone":"\"+5511234433443\""}
{"age":36,"birthday":"\"21/06/1982\"","civilStatus":"\"Single\"","cod":1,"document":"\"43456754356\"","name":"\"alexandre eleuterio santos lourenco 1\"","phone":"\"+5511234433443\""}
{"age":36,"birthday":"\"21/06/1982\"","civilStatus":"\"Single\"","cod":1,"document":"\"43456754356\"","name":"\"alexandre eleuterio santos lourenco 1\"","phone":"\"+5511234433443\""}
{"age":36,"birthday":"\"21/06/1982\"","civilStatus":"\"Single\"","cod":1,"document":"\"43456754356\"","name":"\"alexandre eleuterio santos lourenco 1\"","phone":"\"+5511234433443\""}
{"age":36,"birthday":"\"21/06/1982\"","civilStatus":"\"Single\"","cod":1,"document":"\"43456754356\"","name":"\"alexandre eleuterio santos lourenco 1\"","phone":"\"+5511234433443\""}
{"age":36,"birthday":"\"21/06/1982\"","civilStatus":"\"Single\"","cod":1,"document":"\"43456754356\"","name":"\"alexandre eleuterio santos lourenco 1\"","phone":"\"+5511234433443\""}
{"age":36,"birthday":"\"21/06/1982\"","civilStatus":"\"Single\"","cod":1,"document":"\"43456754356\"","name":"\"alexandre eleuterio santos lourenco 1\"","phone":"\"+5511234433443\""}
{"age":36,"birthday":"\"21/06/1982\"","civilStatus":"\"Single\"","cod":1,"document":"\"43456754356\"","name":"\"alexandre eleuterio santos lourenco 1\"","phone":"\"+5511234433443\""}
{"age":36,"birthday":"\"21/06/1982\"","civilStatus":"\"Single\"","cod":1,"document":"\"43456754356\"","name":"\"alexandre eleuterio santos lourenco 1\"","phone":"\"+5511234433443\""}
{"age":36,"birthday":"\"21/06/1982\"","civilStatus":"\"Single\"","cod":1,"document":"\"43456754356\"","name":"\"alexandre eleuterio santos lourenco 1\"","phone":"\"+5511234433443\""}
{"age":36,"birthday":"\"21/06/1982\"","civilStatus":"\"Single\"","cod":1,"document":"\"43456754356\"","name":"\"alexandre eleuterio santos lourenco 1\"","phone":"\"+5511234433443\""}
{"age":36,"birthday":"\"21/06/1982\"","civilStatus":"\"Single\"","cod":1,"document":"\"43456754356\"","name":"\"alexandre eleuterio santos lourenco 1\"","phone":"\"+5511234433443\""}
{"age":36,"birthday":"\"21/06/1982\"","civilStatus":"\"Single\"","cod":1,"document":"\"43456754356\"","name":"\"alexandre eleuterio santos lourenco 1\"","phone":"\"+5511234433443\""}
{"age":36,"birthday":"\"21/06/1982\"","civilStatus":"\"Single\"","cod":1,"document":"\"43456754356\"","name":"\"alexandre eleuterio santos lourenco 1\"","phone":"\"+5511234433443\""}
{"age":36,"birthday":"\"21/06/1982\"","civilStatus":"\"Single\"","cod":1,"document":"\"43456754356\"","name":"\"alexandre eleuterio santos lourenco 1\"","phone":"\"+5511234433443\""}
{"age":36,"birthday":"\"21/06/1982\"","civilStatus":"\"Single\"","cod":1,"document":"\"43456754356\"","name":"\"alexandre eleuterio santos lourenco 1\"","phone":"\"+5511234433443\""}
{"age":36,"birthday":"\"21/06/1982\"","civilStatus":"\"Single\"","cod":1,"document":"\"43456754356\"","name":"\"alexandre eleuterio santos lourenco 1\"","phone":"\"+5511234433443\""}
{"age":36,"birthday":"\"21/06/1982\"","civilStatus":"\"Single\"","cod":1,"document":"\"43456754356\"","name":"\"alexandre eleuterio santos lourenco 1\"","phone":"\"+5511234433443\""}
{"age":36,"birthday":"\"21/06/1982\"","civilStatus":"\"Single\"","cod":1,"document":"\"43456754356\"","name":"\"alexandre eleuterio santos lourenco 1\"","phone":"\"+5511234433443\""}
{"age":36,"birthday":"\"21/06/1982\"","civilStatus":"\"Single\"","cod":1,"document":"\"43456754356\"","name":"\"alexandre eleuterio santos lourenco 1\"","phone":"\"+5511234433443\""}
{"age":36,"birthday":"\"21/06/1982\"","civilStatus":"\"Single\"","cod":1,"document":"\"43456754356\"","name":"\"alexandre eleuterio santos lourenco 1\"","phone":"\"+5511234433443\""}
{"age":36,"birthday":"\"21/06/1982\"","civilStatus":"\"Single\"","cod":1,"document":"\"43456754356\"","name":"\"alexandre eleuterio santos lourenco 1\"","phone":"\"+5511234433443\""}
{"age":36,"birthday":"\"21/06/1982\"","civilStatus":"\"Single\"","cod":1,"document":"\"43456754356\"","name":"\"alexandre eleuterio santos lourenco 1\"","phone":"\"+5511234433443\""}
{"age":36,"birthday":"\"21/06/1982\"","civilStatus":"\"Single\"","cod":1,"document":"\"43456754356\"","name":"\"alexandre eleuterio santos lourenco 1\"","phone":"\"+5511234433443\""}
{"age":36,"birthday":"\"21/06/1982\"","civilStatus":"\"Single\"","cod":1,"document":"\"43456754356\"","name":"\"alexandre eleuterio santos lourenco 1\"","phone":"\"+5511234433443\""}
{"age":36,"birthday":"\"21/06/1982\"","civilStatus":"\"Single\"","cod":1,"document":"\"43456754356\"","name":"\"alexandre eleuterio santos lourenco 1\"","phone":"\"+5511234433443\""}
{"age":36,"birthday":"\"21/06/1982\"","civilStatus":"\"Single\"","cod":1,"document":"\"43456754356\"","name":"\"alexandre eleuterio santos lourenco 1\"","phone":"\"+5511234433443\""}
{"age":36,"birthday":"\"21/06/1982\"","civilStatus":"\"Single\"","cod":1,"document":"\"43456754356\"","name":"\"alexandre eleuterio santos lourenco 1\"","phone":"\"+5511234433443\""}
{"age":36,"birthday":"\"21/06/1982\"","civilStatus":"\"Single\"","cod":1,"document":"\"43456754356\"","name":"\"alexandre eleuterio santos lourenco 1\"","phone":"\"+5511234433443\""}
{"age":36,"birthday":"\"21/06/1982\"","civilStatus":"\"Single\"","cod":1,"document":"\"43456754356\"","name":"\"alexandre eleuterio santos lourenco 1\"","phone":"\"+5511234433443\""}
{"age":36,"birthday":"\"21/06/1982\"","civilStatus":"\"Single\"","cod":1,"document":"\"43456754356\"","name":"\"alexandre eleuterio santos lourenco 1\"","phone":"\"+5511234433443\""}
{"age":36,"birthday":"\"21/06/1982\"","civilStatus":"\"Single\"","cod":1,"document":"\"43456754356\"","name":"\"alexandre eleuterio santos lourenco 1\"","phone":"\"+5511234433443\""}
{"age":36,"birthday":"\"21/06/1982\"","civilStatus":"\"Single\"","cod":1,"document":"\"43456754356\"","name":"\"alexandre eleuterio santos lourenco 1\"","phone":"\"+5511234433443\""}
{"age":36,"birthday":"\"21/06/1982\"","civilStatus":"\"Single\"","cod":1,"document":"\"43456754356\"","name":"\"alexandre eleuterio santos lourenco 1\"","phone":"\"+5511234433443\""}
{"age":36,"birthday":"\"21/06/1982\"","civilStatus":"\"Single\"","cod":1,"document":"\"43456754356\"","name":"\"alexandre eleuterio santos lourenco 1\"","phone":"\"+5511234433443\""}
{"age":36,"birthday":"\"21/06/1982\"","civilStatus":"\"Single\"","cod":1,"document":"\"43456754356\"","name":"\"alexandre eleuterio santos lourenco 1\"","phone":"\"+5511234433443\""}
{"age":36,"birthday":"\"21/06/1982\"","civilStatus":"\"Single\"","cod":1,"document":"\"43456754356\"","name":"\"alexandre eleuterio santos lourenco 1\"","phone":"\"+5511234433443\""}
{"age":36,"birthday":"\"21/06/1982\"","civilStatus":"\"Single\"","cod":1,"document":"\"43456754356\"","name":"\"alexandre eleuterio santos lourenco 1\"","phone":"\"+5511234433443\""}
{"age":36,"birthday":"\"21/06/1982\"","civilStatus":"\"Single\"","cod":1,"document":"\"43456754356\"","name":"\"alexandre eleuterio santos lourenco 1\"","phone":"\"+5511234433443\""}
{"age":36,"birthday":"\"21/06/1982\"","civilStatus":"\"Single\"","cod":1,"document":"\"43456754356\"","name":"\"alexandre eleuterio santos lourenco 1\"","phone":"\"+5511234433443\""}
{"age":36,"birthday":"\"21/06/1982\"","civilStatus":"\"Single\"","cod":1,"document":"\"43456754356\"","name":"\"alexandre eleuterio santos lourenco 1\"","phone":"\"+5511234433443\""}
{"age":36,"birthday":"\"21/06/1982\"","civilStatus":"\"Single\"","cod":1,"document":"\"43456754356\"","name":"\"alexandre eleuterio santos lourenco 1\"","phone":"\"+5511234433443\""}
{"age":36,"birthday":"\"21/06/1982\"","civilStatus":"\"Single\"","cod":1,"document":"\"43456754356\"","name":"\"alexandre eleuterio santos lourenco 1\"","phone":"\"+5511234433443\""}
{"age":36,"birthday":"\"21/06/1982\"","civilStatus":"\"Single\"","cod":1,"document":"\"43456754356\"","name":"\"alexandre eleuterio santos lourenco 1\"","phone":"\"+5511234433443\""}
{"age":36,"birthday":"\"21/06/1982\"","civilStatus":"\"Single\"","cod":1,"document":"\"43456754356\"","name":"\"alexandre eleuterio santos lourenco 1\"","phone":"\"+5511234433443\""}
{"age":36,"birthday":"\"21/06/1982\"","civilStatus":"\"Single\"","cod":1,"document":"\"43456754356\"","name":"\"alexandre eleuterio santos lourenco 1\"","phone":"\"+5511234433443\""}
{"age":36,"birthday":"\"21/06/1982\"","civilStatus":"\"Single\"","cod":1,"document":"\"43456754356\"","name":"\"alexandre eleuterio santos lourenco 1\"","phone":"\"+5511234433443\""}
{"age":36,"birthday":"\"21/06/1982\"","civilStatus":"\"Single\"","cod":1,"document":"\"43456754356\"","name":"\"alexandre eleuterio santos lourenco 1\"","phone":"\"+5511234433443\""}
{"age":36,"birthday":"\"21/06/1982\"","civilStatus":"\"Single\"","cod":1,"document":"\"43456754356\"","name":"\"alexandre eleuterio santos lourenco 1\"","phone":"\"+5511234433443\""}
{"age":36,"birthday":"\"21/06/1982\"","civilStatus":"\"Single\"","cod":1,"document":"\"43456754356\"","name":"\"alexandre eleuterio santos lourenco 1\"","phone":"\"+5511234433443\""}
{"age":36,"birthday":"\"21/06/1982\"","civilStatus":"\"Single\"","cod":1,"document":"\"43456754356\"","name":"\"alexandre eleuterio santos lourenco 1\"","phone":"\"+5511234433443\""}
{"age":36,"birthday":"\"21/06/1982\"","civilStatus":"\"Single\"","cod":1,"document":"\"43456754356\"","name":"\"alexandre eleuterio santos lourenco 1\"","phone":"\"+5511234433443\""}
{"age":36,"birthday":"\"21/06/1982\"","civilStatus":"\"Single\"","cod":1,"document":"\"43456754356\"","name":"\"alexandre eleuterio santos lourenco 1\"","phone":"\"+5511234433443\""}
{"age":36,"birthday":"\"21/06/1982\"","civilStatus":"\"Single\"","cod":1,"document":"\"43456754356\"","name":"\"alexandre eleuterio santos lourenco 1\"","phone":"\"+5511234433443\""}
{"age":36,"birthday":"\"21/06/1982\"","civilStatus":"\"Single\"","cod":1,"document":"\"43456754356\"","name":"\"alexandre eleuterio santos lourenco 1\"","phone":"\"+5511234433443\""}
{"age":36,"birthday":"\"21/06/1982\"","civilStatus":"\"Single\"","cod":1,"document":"\"43456754356\"","name":"\"alexandre eleuterio santos lourenco 1\"","phone":"\"+5511234433443\""}
{"age":36,"birthday":"\"21/06/1982\"","civilStatus":"\"Single\"","cod":1,"document":"\"43456754356\"","name":"\"alexandre eleuterio santos lourenco 1\"","phone":"\"+5511234433443\""}
{"age":36,"birthday":"\"21/06/1982\"","civilStatus":"\"Single\"","cod":1,"document":"\"43456754356\"","name":"\"alexandre eleuterio santos lourenco 1\"","phone":"\"+5511234433443\""}
{"age":36,"birthday":"\"21/06/1982\"","civilStatus":"\"Single\"","cod":1,"document":"\"43456754356\"","name":"\"alexandre eleuterio santos lourenco 1\"","phone":"\"+5511234433443\""}
{"age":36,"birthday":"\"21/06/1982\"","civilStatus":"\"Single\"","cod":1,"document":"\"43456754356\"","name":"\"alexandre eleuterio santos lourenco 1\"","phone":"\"+5511234433443\""}
{"age":36,"birthday":"\"21/06/1982\"","civilStatus":"\"Single\"","cod":1,"document":"\"43456754356\"","name":"\"alexandre eleuterio santos lourenco 1\"","phone":"\"+5511234433443\""}
{"age":36,"birthday":"\"21/06/1982\"","civilStatus":"\"Single\"","cod":1,"document":"\"43456754356\"","name":"\"alexandre eleuterio santos lourenco 1\"","phone":"\"+5511234433443\""}
{"age":36,"birthday":"\"21/06/1982\"","civilStatus":"\"Single\"","cod":1,"document":"\"43456754356\"","name":"\"alexandre eleuterio santos lourenco 1\"","phone":"\"+5511234433443\""}
{"age":36,"birthday":"\"21/06/1982\"","civilStatus":"\"Single\"","cod":1,"document":"\"43456754356\"","name":"\"alexandre eleuterio santos lourenco 1\"","phone":"\"+5511234433443\""}
{"age":36,"birthday":"\"21/06/1982\"","civilStatus":"\"Single\"","cod":1,"document":"\"43456754356\"","name":"\"alexandre eleuterio santos lourenco 1\"","phone":"\"+5511234433443\""}
{"age":36,"birthday":"\"21/06/1982\"","civilStatus":"\"Single\"","cod":1,"document":"\"43456754356\"","name":"\"alexandre eleuterio santos lourenco 1\"","phone":"\"+5511234433443\""}
{"age":36,"birthday":"\"21/06/1982\"","civilStatus":"\"Single\"","cod":1,"document":"\"43456754356\"","name":"\"alexandre eleuterio santos lourenco 1\"","phone":"\"+5511234433443\""}
{"age":36,"birthday":"\"21/06/1982\"","civilStatus":"\"Single\"","cod":1,"document":"\"43456754356\"","name":"\"alexandre eleuterio santos lourenco 1\"","phone":"\"+5511234433443\""}
{"age":36,"birthday":"\"21/06/1982\"","civilStatus":"\"Single\"","cod":1,"document":"\"43456754356\"","name":"\"alexandre eleuterio santos lourenco 1\"","phone":"\"+5511234433443\""}
{"age":36,"birthday":"\"21/06/1982\"","civilStatus":"\"Single\"","cod":1,"document":"\"43456754356\"","name":"\"alexandre eleuterio santos lourenco 1\"","phone":"\"+5511234433443\""}
{"age":36,"birthday":"\"21/06/1982\"","civilStatus":"\"Single\"","cod":1,"document":"\"43456754356\"","name":"\"alexandre eleuterio santos lourenco 1\"","phone":"\"+5511234433443\""}
{"age":36,"birthday":"\"21/06/1982\"","civilStatus":"\"Single\"","cod":1,"document":"\"43456754356\"","name":"\"alexandre eleuterio santos lourenco 1\"","phone":"\"+5511234433443\""}
{"age":36,"birthday":"\"21/06/1982\"","civilStatus":"\"Single\"","cod":1,"document":"\"43456754356\"","name":"\"alexandre eleuterio santos lourenco 1\"","phone":"\"+5511234433443\""}
{"age":36,"birthday":"\"21/06/1982\"","civilStatus":"\"Single\"","cod":1,"document":"\"43456754356\"","name":"\"alexandre eleuterio santos lourenco 1\"","phone":"\"+5511234433443\""}
{"age":36,"birthday":"\"21/06/1982\"","civilStatus":"\"Single\"","cod":1,"document":"\"43456754356\"","name":"\"alexandre eleuterio santos lourenco 1\"","phone":"\"+5511234433443\""}
{"age":36,"birthday":"\"21/06/1982\"","civilStatus":"\"Single\"","cod":1,"document":"\"43456754356\"","name":"\"alexandre eleuterio santos lourenco 1\"","phone":"\"+5511234433443\""}
{"age":36,"birthday":"\"21/06/1982\"","civilStatus":"\"Single\"","cod":1,"document":"\"43456754356\"","name":"\"alexandre eleuterio santos lourenco 1\"","phone":"\"+5511234433443\""}
{"age":36,"birthday":"\"21/06/1982\"","civilStatus":"\"Single\"","cod":1,"document":"\"43456754356\"","name":"\"alexandre eleuterio santos lourenco 1\"","phone":"\"+5511234433443\""}
{"age":36,"birthday":"\"21/06/1982\"","civilStatus":"\"Single\"","cod":1,"document":"\"43456754356\"","name":"\"alexandre eleuterio santos lourenco 1\"","phone":"\"+5511234433443\""}
{"age":36,"birthday":"\"21/06/1982\"","civilStatus":"\"Single\"","cod":1,"document":"\"43456754356\"","name":"\"alexandre eleuterio santos lourenco 1\"","phone":"\"+5511234433443\""}
{"age":36,"birthday":"\"21/06/1982\"","civilStatus":"\"Single\"","cod":1,"document":"\"43456754356\"","name":"\"alexandre eleuterio santos lourenco 1\"","phone":"\"+5511234433443\""}
{"age":36,"birthday":"\"21/06/1982\"","civilStatus":"\"Single\"","cod":1,"document":"\"43456754356\"","name":"\"alexandre eleuterio santos lourenco 1\"","phone":"\"+5511234433443\""}
{"age":36,"birthday":"\"21/06/1982\"","civilStatus":"\"Single\"","cod":1,"document":"\"43456754356\"","name":"\"alexandre eleuterio santos lourenco 1\"","phone":"\"+5511234433443\""}
{"age":36,"birthday":"\"21/06/1982\"","civilStatus":"\"Single\"","cod":1,"document":"\"43456754356\"","name":"\"alexandre eleuterio santos lourenco 1\"","phone":"\"+5511234433443\""}
{"age":36,"birthday":"\"21/06/1982\"","civilStatus":"\"Single\"","cod":1,"document":"\"43456754356\"","name":"\"alexandre eleuterio santos lourenco 1\"","phone":"\"+5511234433443\""}
{"age":36,"birthday":"\"21/06/1982\"","civilStatus":"\"Single\"","cod":1,"document":"\"43456754356\"","name":"\"alexandre eleuterio santos lourenco 1\"","phone":"\"+5511234433443\""}
{"age":36,"birthday":"\"21/06/1982\"","civilStatus":"\"Single\"","cod":1,"document":"\"43456754356\"","name":"\"alexandre eleuterio santos lourenco 1\"","phone":"\"+5511234433443\""}
{"age":36,"birthday":"\"21/06/1982\"","civilStatus":"\"Single\"","cod":1,"document":"\"43456754356\"","name":"\"alexandre eleuterio santos lourenco 1\"","phone":"\"+5511234433443\""}
{"age":36,"birthday":"\"21/06/1982\"","civilStatus":"\"Single\"","cod":1,"document":"\"43456754356\"","name":"\"alexandre eleuterio santos lourenco 1\"","phone":"\"+5511234433443\""}
{"age":36,"birthday":"\"21/06/1982\"","civilStatus":"\"Single\"","cod":1,"document":"\"43456754356\"","name":"\"alexandre eleuterio santos lourenco 1\"","phone":"\"+5511234433443\""}
{"age":36,"birthday":"\"21/06/1982\"","civilStatus":"\"Single\"","cod":1,"document":"\"43456754356\"","name":"\"alexandre eleuterio santos lourenco 1\"","phone":"\"+5511234433443\""}
{"age":36,"birthday":"\"21/06/1982\"","civilStatus":"\"Single\"","cod":1,"document":"\"43456754356\"","name":"\"alexandre eleuterio santos lourenco 1\"","phone":"\"+5511234433443\""}
{"age":36,"birthday":"\"21/06/1982\"","civilStatus":"\"Single\"","cod":1,"document":"\"43456754356\"","name":"\"alexandre eleuterio santos lourenco 1\"","phone":"\"+5511234433443\""}
{"age":36,"birthday":"\"21/06/1982\"","civilStatus":"\"Single\"","cod":1,"document":"\"43456754356\"","name":"\"alexandre eleuterio santos lourenco 1\"","phone":"\"+5511234433443\""}
{"age":36,"birthday":"\"21/06/1982\"","civilStatus":"\"Single\"","cod":1,"document":"\"43456754356\"","name":"\"alexandre eleuterio santos lourenco 1\"","phone":"\"+5511234433443\""}
{"age":36,"birthday":"\"21/06/1982\"","civilStatus":"\"Single\"","cod":1,"document":"\"43456754356\"","name":"\"alexandre eleuterio santos lourenco 1\"","phone":"\"+5511234433443\""}
{"age":36,"birthday":"\"21/06/1982\"","civilStatus":"\"Single\"","cod":1,"document":"\"43456754356\"","name":"\"alexandre eleuterio santos lourenco 1\"","phone":"\"+5511234433443\""}
{"age":36,"birthday":"\"21/06/1982\"","civilStatus":"\"Single\"","cod":1,"document":"\"43456754356\"","name":"\"alexandre eleuterio santos lourenco 1\"","phone":"\"+5511234433443\""}
{"age":36,"birthday":"\"21/06/1982\"","civilStatus":"\"Single\"","cod":1,"document":"\"43456754356\"","name":"\"alexandre eleuterio santos lourenco 1\"","phone":"\"+5511234433443\""}
{"age":36,"birthday":"\"21/06/1982\"","civilStatus":"\"Single\"","cod":1,"document":"\"43456754356\"","name":"\"alexandre eleuterio santos lourenco 1\"","phone":"\"+5511234433443\""}
{"age":36,"birthday":"\"21/06/1982\"","civilStatus":"\"Single\"","cod":1,"document":"\"43456754356\"","name":"\"alexandre eleuterio santos lourenco 1\"","phone":"\"+5511234433443\""}
{"age":36,"birthday":"\"21/06/1982\"","civilStatus":"\"Single\"","cod":1,"document":"\"43456754356\"","name":"\"alexandre eleuterio santos lourenco 1\"","phone":"\"+5511234433443\""}
{"age":36,"birthday":"\"21/06/1982\"","civilStatus":"\"Single\"","cod":1,"document":"\"43456754356\"","name":"\"alexandre eleuterio santos lourenco 1\"","phone":"\"+5511234433443\""}
{"age":36,"birthday":"\"21/06/1982\"","civilStatus":"\"Single\"","cod":1,"document":"\"43456754356\"","name":"\"alexandre eleuterio santos lourenco 1\"","phone":"\"+5511234433443\""}
{"age":36,"birthday":"\"21/06/1982\"","civilStatus":"\"Single\"","cod":1,"document":"\"43456754356\"","name":"\"alexandre eleuterio santos lourenco 1\"","phone":"\"+5511234433443\""}
{"age":36,"birthday":"\"21/06/1982\"","civilStatus":"\"Single\"","cod":1,"document":"\"43456754356\"","name":"\"alexandre eleuterio santos lourenco 1\"","phone":"\"+5511234433443\""}
{"age":36,"birthday":"\"21/06/1982\"","civilStatus":"\"Single\"","cod":1,"document":"\"43456754356\"","name":"\"alexandre eleuterio santos lourenco 1\"","phone":"\"+5511234433443\""}
{"age":36,"birthday":"\"21/06/1982\"","civilStatus":"\"Single\"","cod":1,"document":"\"43456754356\"","name":"\"alexandre eleuterio santos lourenco 1\"","phone":"\"+5511234433443\""}
{"age":36,"birthday":"\"21/06/1982\"","civilStatus":"\"Single\"","cod":1,"document":"\"43456754356\"","name":"\"alexandre eleuterio santos lourenco 1\"","phone":"\"+5511234433443\""}
{"age":36,"birthday":"\"21/06/1982\"","civilStatus":"\"Single\"","cod":1,"document":"\"43456754356\"","name":"\"alexandre eleuterio santos lourenco 1\"","phone":"\"+5511234433443\""}
{"age":36,"birthday":"\"21/06/1982\"","civilStatus":"\"Single\"","cod":1,"document":"\"43456754356\"","name":"\"alexandre eleuterio santos lourenco 1\"","phone":"\"+5511234433443\""}
{"age":36,"birthday":"\"21/06/1982\"","civilStatus":"\"Single\"","cod":1,"document":"\"43456754356\"","name":"\"alexandre eleuterio santos lourenco 1\"","phone":"\"+5511234433443\""}
{"age":36,"birthday":"\"21/06/1982\"","civilStatus":"\"Single\"","cod":1,"document":"\"43456754356\"","name":"\"alexandre eleuterio santos lourenco 1\"","phone":"\"+5511234433443\""}
{"age":36,"birthday":"\"21/06/1982\"","civilStatus":"\"Single\"","cod":1,"document":"\"43456754356\"","name":"\"alexandre eleuterio santos lourenco 1\"","phone":"\"+5511234433443\""}
{"age":36,"birthday":"\"21/06/1982\"","civilStatus":"\"Single\"","cod":1,"document":"\"43456754356\"","name":"\"alexandre eleuterio santos lourenco 1\"","phone":"\"+5511234433443\""}
{"age":36,"birthday":"\"21/06/1982\"","civilStatus":"\"Single\"","cod":1,"document":"\"43456754356\"","name":"\"alexandre eleuterio santos lourenco 1\"","phone":"\"+5511234433443\""}
{"age":36,"birthday":"\"21/06/1982\"","civilStatus":"\"Single\"","cod":1,"document":"\"43456754356\"","name":"\"alexandre eleuterio santos lourenco 1\"","phone":"\"+5511234433443\""}
{"age":36,"birthday":"\"21/06/1982\"","civilStatus":"\"Single\"","cod":1,"document":"\"43456754356\"","name":"\"alexandre eleuterio santos lourenco 1\"","phone":"\"+5511234433443\""}
{"age":36,"birthday":"\"21/06/1982\"","civilStatus":"\"Single\"","cod":1,"document":"\"43456754356\"","name":"\"alexandre eleuterio santos lourenco 1\"","phone":"\"+5511234433443\""}
{"age":36,"birthday":"\"21/06/1982\"","civilStatus":"\"Single\"","cod":1,"document":"\"43456754356\"","name":"\"alexandre eleuterio santos lourenco 1\"","phone":"\"+5511234433443\""}
{"age":36,"birthday":"\"21/06/1982\"","civilStatus":"\"Single\"","cod":1,"document":"\"43456754356\"","name":"\"alexandre eleuterio santos lourenco 1\"","phone":"\"+5511234433443\""}
{"age":36,"birthday":"\"21/06/1982\"","civilStatus":"\"Single\"","cod":1,"document":"\"43456754356\"","name":"\"alexandre eleuterio santos lourenco 1\"","phone":"\"+5511234433443\""}
{"age":36,"birthday":"\"21/06/1982\"","civilStatus":"\"Single\"","cod":1,"document":"\"43456754356\"","name":"\"alexandre eleuterio santos lourenco 1\"","phone":"\"+5511234433443\""}
{"age":36,"birthday":"\"21/06/1982\"","civilStatus":"\"Single\"","cod":1,"document":"\"43456754356\"","name":"\"alexandre eleuterio santos lourenco 1\"","phone":"\"+5511234433443\""}
{"age":36,"birthday":"\"21/06/1982\"","civilStatus":"\"Single\"","cod":1,"document":"\"43456754356\"","name":"\"alexandre eleuterio santos lourenco 1\"","phone":"\"+5511234433443\""}
{"age":36,"birthday":"\"21/06/1982\"","civilStatus":"\"Single\"","cod":1,"document":"\"43456754356\"","name":"\"alexandre eleuterio santos lourenco 1\"","phone":"\"+5511234433443\""}
{"age":36,"birthday":"\"21/06/1982\"","civilStatus":"\"Single\"","cod":1,"document":"\"43456754356\"","name":"\"alexandre eleuterio santos lourenco 1\"","phone":"\"+5511234433443\""}
{"age":36,"birthday":"\"21/06/1982\"","civilStatus":"\"Single\"","cod":1,"document":"\"43456754356\"","name":"\"alexandre eleuterio santos lourenco 1\"","phone":"\"+5511234433443\""}
{"age":36,"birthday":"\"21/06/1982\"","civilStatus":"\"Single\"","cod":1,"document":"\"43456754356\"","name":"\"alexandre eleuterio santos lourenco 1\"","phone":"\"+5511234433443\""}
{"age":36,"birthday":"\"21/06/1982\"","civilStatus":"\"Single\"","cod":1,"document":"\"43456754356\"","name":"\"alexandre eleuterio santos lourenco 1\"","phone":"\"+5511234433443\""}
{"age":36,"birthday":"\"21/06/1982\"","civilStatus":"\"Single\"","cod":1,"document":"\"43456754356\"","name":"\"alexandre eleuterio santos lourenco 1\"","phone":"\"+5511234433443\""}
{"age":36,"birthday":"\"21/06/1982\"","civilStatus":"\"Single\"","cod":1,"document":"\"43456754356\"","name":"\"alexandre eleuterio santos lourenco 1\"","phone":"\"+5511234433443\""}
{"age":36,"birthday":"\"21/06/1982\"","civilStatus":"\"Single\"","cod":1,"document":"\"43456754356\"","name":"\"alexandre eleuterio santos lourenco 1\"","phone":"\"+5511234433443\""}
{"age":36,"birthday":"\"21/06/1982\"","civilStatus":"\"Single\"","cod":1,"document":"\"43456754356\"","name":"\"alexandre eleuterio santos lourenco 1\"","phone":"\"+5511234433443\""}
{"age":36,"birthday":"\"21/06/1982\"","civilStatus":"\"Single\"","cod":1,"document":"\"43456754356\"","name":"\"alexandre eleuterio santos lourenco 1\"","phone":"\"+5511234433443\""}
